{
  "creditNotes": [
    {
      "id": "1770627928055",
      "creditNoteNumber": "CN-00001",
      "referenceNumber": "",
      "date": "2026-02-09",
      "customerId": "1",
      "customerName": "Mr. Sujay Palande",
      "invoiceId": "1770367578832",
      "invoiceNumber": "INV-00002",
      "reason": "sales_return",
      "salesperson": "Sujay",
      "subject": "Credit Note for Invoice #INV-00002",
      "billingAddress": {
        "street": "Hinjewadi  pune",
        "city": "pune",
        "state": "maharasta ",
        "country": "India",
        "pincode": "413104"
      },
      "gstin": "",
      "placeOfSupply": "Maharashtra",
      "items": [
        {
          "id": "1",
          "itemId": "0.7188949594961958",
          "name": "Tab",
          "description": "ok",
          "account": "sales",
          "quantity": 1,
          "rate": 15000,
          "discount": 0,
          "discountType": "percentage",
          "tax": 18,
          "taxName": "GST18",
          "amount": 17700
        }
      ],
      "subTotal": 15000,
      "shippingCharges": 0,
      "tdsType": "TDS",
      "tdsAmount": 0,
      "cgst": 1350,
      "sgst": 1350,
      "igst": 0,
      "adjustment": 0,
      "total": 17700,
      "creditsRemaining": 17700,
      "customerNotes": "",
      "termsAndConditions": "",
      "status": "OPEN",
      "pdfTemplate": "Standard Template",
      "createdAt": "2026-02-09T09:05:28.055Z",
      "updatedAt": "2026-02-09T09:05:28.055Z",
      "createdBy": "Admin User",
      "activityLogs": [
        {
          "id": "1",
          "timestamp": "2026-02-09T09:05:28.055Z",
          "action": "created",
          "description": "Credit Note created for ₹17,700",
          "user": "Admin User"
        }
      ]
    }
  ],
  "nextCreditNoteNumber": 2
}