{
  "customers": [
    {
      "id": "1",
      "name": "Mr. Sujay Palande",
      "displayName": "Mr. Sujay Palande",
      "salutation": "mr",
      "firstName": "Sujay ",
      "lastName": "Palande ",
      "companyName": "Prajtech",
      "email": "Sujay.Palande@cybaemtech.com",
      "phone": "0987654321",
      "workPhone": "0987654321",
      "mobile": "0099887766",
      "language": "English",
      "gstTreatment": "Registered Business - Regular",
      "gstin": "",
      "receivables": "0.00",
      "avatar": "MR",
      "pan": "",
      "customerType": "business",
      "status": "active",
      "billingAddress": {
        "street": "Hinjewadi  pune",
        "city": "pune",
        "state": "maharasta ",
        "country": "India",
        "pincode": "413104"
      },
      "shippingAddress": {
        "street": "Hinjewadi  pune",
        "city": "pune",
        "state": "maharasta ",
        "country": "India",
        "pincode": "413104"
      },
      "currency": "INR",
      "openingBalance": "",
      "paymentTerms": "due_on_receipt",
      "placeOfSupply": "27 - Maharashtra",
      "taxPreference": "taxable",
      "exemptionReason": "",
      "portalStatus": "disabled",
      "remarks": "",
      "tags": [],
      "contactPersons": [
        {
          "salutation": "mrs",
          "firstName": "Sham ",
          "lastName": "jadhav",
          "email": "kadamprajwal2004@gmail.com",
          "workPhone": "08483843538",
          "mobile": "0987654321"
        }
      ],
      "communicationPreferences": {
        "invoiceReminders": false,
        "recurringInvoiceAutoEmail": false,
        "paymentReceipts": false,
        "portalNotifications": false
      },
      "createdAt": "2026-02-06T08:27:00.784Z"
    }
  ],
  "nextCustomerId": 2
}