{
  "expenses": [
    {
      "id": "12",
      "organizationId": "1",
      "expenseNumber": "EXP-00012",
      "date": "2026-02-09",
      "expenseAccount": "input_tax_credits",
      "amount": 0,
      "currency": "INR",
      "paidThrough": "Other Current Asset",
      "expenseType": "services",
      "sac": "",
      "vendorId": "1",
      "vendorName": "Prajwal Kadam",
      "gstTreatment": "Consumer",
      "sourceOfSupply": "Chhattisgarh",
      "destinationOfSupply": "[MH] - Maharashtra",
      "reverseCharge": false,
      "tax": "",
      "taxAmount": 0,
      "amountIs": "tax_exclusive",
      "invoiceNumber": "54tyy",
      "notes": "",
      "customerId": "1",
      "customerName": "Mr. Sujay Palande",
      "reportingTags": [],
      "isBillable": false,
      "status": "recorded",
      "attachments": [],
      "createdAt": "2026-02-09T05:51:28.130Z",
      "updatedAt": "2026-02-09T05:51:28.130Z",
      "createdTime": "2026-02-09T05:51:28.130Z"
    }
  ],
  "mileageRecords": [
    {
      "id": "2",
      "date": "2025-12-16",
      "employee": "gk",
      "calculationMethod": "distance_travelled",
      "distance": 224,
      "unit": "km",
      "startOdometer": 0,
      "endOdometer": 0,
      "amount": 423123,
      "currency": "INR",
      "paidThrough": "Petty Cash",
      "vendorId": "2",
      "vendorName": "Ganesh kale",
      "invoiceNumber": "",
      "notes": "",
      "customerId": "8",
      "customerName": "CYBAEM TECH PRIVATE LIMITED ",
      "reportingTags": [],
      "status": "recorded",
      "createdAt": "2025-12-16T10:53:54.471Z",
      "updatedAt": "2025-12-16T10:53:54.471Z"
    },
    {
      "id": "1",
      "date": "2025-12-16",
      "employee": "",
      "calculationMethod": "distance_travelled",
      "distance": 123,
      "unit": "km",
      "startOdometer": 0,
      "endOdometer": 0,
      "amount": 500,
      "currency": "INR",
      "paidThrough": "Undeposited Funds",
      "vendorId": "2",
      "vendorName": "Ganesh kale",
      "invoiceNumber": "1234",
      "notes": "",
      "customerId": "6",
      "customerName": "Ganesh kale",
      "reportingTags": [],
      "status": "recorded",
      "createdAt": "2025-12-16T10:52:50.642Z",
      "updatedAt": "2025-12-16T10:52:50.642Z"
    }
  ],
  "mileageSettings": {
    "associateEmployeesToExpenses": false,
    "defaultMileageCategory": "Fuel/Mileage Expense",
    "defaultUnit": "km",
    "mileageRates": []
  },
  "nextExpenseId": 13,
  "nextMileageId": 3
}