{
  "items": [
    {
      "id": "1770351067854",
      "name": "Tab",
      "type": "goods",
      "hsnSac": "12312232",
      "usageUnit": "box",
      "rate": "15000",
      "purchaseRate": "15000",
      "description": "ok",
      "purchaseDescription": "ok",
      "taxPreference": "taxable",
      "intraStateTax": "GST18",
      "interStateTax": "IGST18",
      "salesAccount": "sales",
      "purchaseAccount": "input_tax_credits",
      "preferredVendor": "1",
      "isActive": true,
      "organizationId": "1",
      "createdAt": "2026-02-06T04:11:07.854Z",
      "updatedAt": "2026-02-06T04:11:07.854Z"
    }
  ]
}