{
  "salespersons": [
    {
      "id": "1",
      "name": "Sujay",
      "email": "nilrajbhilare@gmail.com",
      "createdAt": "2025-12-11T00:00:00.000Z"
    },
    {
      "id": "2",
      "name": "afshjd",
      "email": "bdvk@gmail.com",
      "createdAt": "2025-12-11T10:05:30.988Z"
    },
    {
      "id": "3",
      "name": "nilraj",
      "email": "nil@gmail.com",
      "createdAt": "2025-12-11T10:46:47.951Z"
    },
    {
      "id": "4",
      "name": "pk",
      "email": "pk@gmail.com",
      "createdAt": "2025-12-11T10:47:46.157Z"
    },
    {
      "id": "5",
      "name": "shcjhx",
      "email": "Nikhil.Sathe@cybaemtech.com",
      "createdAt": "2025-12-12T10:41:48.503Z"
    }
  ],
  "nextSalespersonId": 6
}