{
  "vendorCredits": [
    {
      "id": "vc-1770354219006",
      "creditNumber": "VC-00021",
      "referenceNumber": "1234",
      "vendorId": "1",
      "vendorName": "Prajwal Kadam",
      "orderNumber": "1234",
      "date": "2026-02-06",
      "subject": "ok",
      "reverseCharge": false,
      "taxType": "tds",
      "tdsTcs": "",
      "items": [
        {
          "id": "item-1770354152492-0",
          "itemId": "1770351067854",
          "itemName": "Tab",
          "description": "ok",
          "account": "input_tax_credits",
          "quantity": 2,
          "rate": "15000",
          "tax": "gst_18",
          "taxAmount": 5400,
          "amount": 30000,
          "billId": "1770352012750",
          "billNumber": "5",
          "billDate": "2026-02-06",
          "balanceDue": 88500,
          "billTotal": 88500,
          "hsnSac": ""
        }
      ],
      "subTotal": 30000,
      "discountType": "percentage",
      "discountValue": "",
      "discountAmount": 0,
      "cgst": 0,
      "sgst": 0,
      "igst": 0,
      "tdsTcsAmount": 0,
      "adjustment": 0,
      "amount": 35400,
      "balance": 8260,
      "notes": "",
      "status": "OPEN",
      "createdAt": "2026-02-06T05:03:39.005Z",
      "updatedAt": "2026-02-09T05:40:13.204Z"
    },
    {
      "id": "vc-1770631834544",
      "creditNumber": "VC-00022",
      "referenceNumber": "",
      "vendorId": "1",
      "vendorName": "Prajwal Kadam",
      "orderNumber": "",
      "date": "2026-02-09",
      "subject": "",
      "reverseCharge": false,
      "taxType": "tds",
      "tdsTcs": "",
      "items": [
        {
          "id": "item-1770631813745-0",
          "itemId": "1770351067854",
          "itemName": "Tab",
          "description": "ok",
          "account": "input_tax_credits",
          "quantity": 3.99,
          "rate": "15000",
          "tax": "gst_18",
          "taxAmount": 10773,
          "amount": 59850,
          "billId": "1770366574889",
          "billNumber": "9",
          "billDate": "2026-02-06",
          "balanceDue": 0,
          "billTotal": 17700,
          "hsnSac": ""
        },
        {
          "id": "item-1770631813745-1",
          "itemId": "",
          "itemName": "Tab",
          "description": "ok",
          "account": "input_tax_credits",
          "quantity": 3,
          "rate": "15000",
          "tax": "",
          "taxAmount": 0,
          "amount": 45000,
          "billId": "1770366540695",
          "billNumber": "8",
          "billDate": "2026-02-06",
          "balanceDue": 45000,
          "billTotal": 45000,
          "hsnSac": ""
        },
        {
          "id": "item-1770631813745-2",
          "itemId": "1770351067854",
          "itemName": "Tab",
          "description": "ok",
          "account": "input_tax_credits",
          "quantity": 1,
          "rate": "15000",
          "tax": "igst_18",
          "taxAmount": 3186,
          "amount": 15000,
          "billId": "1770359742469",
          "billNumber": "6",
          "billDate": "2026-02-06",
          "balanceDue": 4486,
          "billTotal": 18186,
          "hsnSac": ""
        }
      ],
      "subTotal": 119850,
      "discountType": "percentage",
      "discountValue": "",
      "discountAmount": 0,
      "cgst": 0,
      "sgst": 0,
      "igst": 0,
      "tdsTcsAmount": 0,
      "adjustment": 0,
      "amount": 133809,
      "balance": 0,
      "notes": "",
      "status": "CLOSED",
      "createdAt": "2026-02-09T10:10:34.543Z",
      "updatedAt": "2026-02-09T10:22:32.698Z"
    }
  ],
  "nextCreditNumber": 23
}